"id","username","first_name","last_name","email"
"1","wdyble0","Winny","Dyble","wdyble0@bing.com"
"2","abrazel1","Andris","Brazel","abrazel1@utexas.edu"
"3","jcourtenay2","Julita","Courtenay","jcourtenay2@edublogs.org"
"4","cmacane3","Court","MacAne","cmacane3@example.com"
"5","syesichev4","Selby","Yesichev","syesichev4@multiply.com"
"6","smccluskey5","Shelby","McCluskey","smccluskey5@hhs.gov"
"7","yhuke6","Yuri","Huke","yhuke6@msu.edu"
"8","acluelow7","Aloisia","Cluelow","acluelow7@dedecms.com"
"9","mcampion8","Murdoch","Campion","mcampion8@army.mil"
"10","rerlam9",,,
